substance	category	page_size	last_edit	first_edit	external_links	total_revisions	number_of_editors	edits_in_the_past_365_days	link - href
Testosterone	Androgens	116960	2016-07-06T17:26:00Z	2001-10-24T19:35:00Z	631	2,962	1,520	174	https://en.wikipedia.org/wiki/Testosterone
Alpha-Methyltryptamine	Empathogens	20340	2016-05-23T00:36:00Z	2002-05-22T19:24:00Z	91	409	193	16	https://en.wikipedia.org/wiki/Alpha-Methyltryptamine
Growth hormone	Peptides	50851	2016-06-22T17:10:00Z	2003-01-23T03:32:00Z	209	2,200	1,206	59	https://en.wikipedia.org/wiki/Growth_hormone
Tetrahydrogestrinone	Androgens	9419	2016-06-22T23:19:00Z	2003-10-22T05:18:00Z	42	287	162	10	https://en.wikipedia.org/wiki/Tetrahydrogestrinone
Dipropyltryptamine	Psychedelics	8653	2016-07-06T03:10:00Z	2003-11-11T01:20:00Z	14	160	100	18	https://en.wikipedia.org/wiki/Dipropyltryptamine
2C-I	Psychedelics	7962	2016-05-28T09:12:00Z	2003-11-27T20:08:00Z	26	797	492	56	https://en.wikipedia.org/wiki/2C-I
2C-T-7	Psychedelics	12855	2016-02-05T19:11:00Z	2004-01-13T20:49:00Z	25	342	164	7	https://en.wikipedia.org/wiki/2C-T-7
2C-E	Psychedelics	9714	2016-05-06T20:45:00Z	2004-01-17T03:30:00Z	24	573	355	22	https://en.wikipedia.org/wiki/2C-E
2C-T-2	Psychedelics	7860	2016-02-05T19:15:00Z	2004-02-08T20:57:00Z	17	204	131	14	https://en.wikipedia.org/wiki/2C-T-2
5-MeO-DMT	Psychedelics	15749	2016-07-03T20:21:00Z	2004-02-11T06:27:00Z	43	432	242	22	https://en.wikipedia.org/wiki/5-MeO-DMT
Desmethylprodine	Sedatives	9800	2016-04-02T13:28:00Z	2004-03-23T04:30:00Z	38	199	100	11	https://en.wikipedia.org/wiki/Desmethylprodine
Dihydrotestosterone	Androgens	13422	2016-06-28T02:52:00Z	2004-04-12T07:33:00Z	54	451	217	32	https://en.wikipedia.org/wiki/Dihydrotestosterone
Carnosine	Peptides	11292	2016-07-08T17:30:00Z	2004-05-01T18:34:00Z	73	242	129	20	https://en.wikipedia.org/wiki/Carnosine
2C-C	Psychedelics	5310	2015-12-18T01:38:00Z	2004-05-30T07:14:00Z	16	145	91	6	https://en.wikipedia.org/wiki/2C-C
2C-D	Psychedelics	5477	2016-05-18T22:54:00Z	2004-05-30T07:39:00Z	16	112	70	7	https://en.wikipedia.org/wiki/2C-D
2C-T-21	Psychedelics	4762	2016-02-05T19:15:00Z	2004-05-30T07:50:00Z	11	118	80	5	https://en.wikipedia.org/wiki/2C-T-21
Methyltestosterone	Androgens	3342	2016-04-02T13:55:00Z	2004-06-13T20:36:00Z	15	104	58	15	https://en.wikipedia.org/wiki/Methyltestosterone
Nandrolone	Androgens	18880	2016-06-04T01:52:00Z	2004-06-17T04:59:00Z	56	612	353	22	https://en.wikipedia.org/wiki/Nandrolone
Stanozolol	Androgens	31291	2016-07-01T20:48:00Z	2004-07-03T16:11:00Z	72	646	373	41	https://en.wikipedia.org/wiki/Stanozolol
Bremelanotide	Peptides	15863	2016-06-13T15:34:00Z	2004-07-04T16:27:00Z	56	336	162	31	https://en.wikipedia.org/wiki/Bremelanotide
1,4-Butanediol	Sedatives	15793	2016-06-02T15:52:00Z	2004-07-06T12:37:00Z	46	285	151	15	https://en.wikipedia.org/wiki/1%2C4-Butanediol
5-Methoxy-diisopropyltryptamine	Empathogens	7483	2016-05-17T18:35:00Z	2004-07-06T12:05:00Z	17	193	116	11	https://en.wikipedia.org/wiki/5-Methoxy-diisopropyltryptamine
5-MeO-aMT	Empathogens	9729	2016-05-17T19:22:00Z	2004-07-14T05:20:00Z	25	205	120	11	https://en.wikipedia.org/wiki/5-MeO-aMT
Alpha-Ethyltryptamine	Empathogens	7813	2016-05-23T00:35:00Z	2004-07-15T04:42:00Z	26	142	71	7	https://en.wikipedia.org/wiki/Alpha-Ethyltryptamine
4-HO-DiPT	Psychedelics	4874	2016-07-05T20:12:00Z	2004-07-24T16:45:00Z	13	116	71	4	https://en.wikipedia.org/wiki/4-HO-DiPT
Para-Methoxyamphetamine	Empathogens	24111	2016-05-25T12:44:00Z	2004-07-24T13:52:00Z	82	358	180	11	https://en.wikipedia.org/wiki/Para-Methoxyamphetamine
CP 55,940	Synthetic cannabimimetics	4967	2016-05-28T18:06:00Z	2004-07-28T19:25:00Z	31	133	83	3	https://en.wikipedia.org/wiki/CP_55%2C940
Aniracetam	Nootropics	7475	2016-04-02T13:17:00Z	2004-08-31T21:54:00Z	31	171	113	8	https://en.wikipedia.org/wiki/Aniracetam
Etiracetam	Nootropics	1689	2016-05-30T16:02:00Z	2004-08-31T22:22:00Z	8	51	30	9	https://en.wikipedia.org/wiki/Etiracetam
Fasoracetam	Nootropics	3448	2016-04-15T20:23:00Z	2004-08-31T23:26:00Z	12	92	39	44	https://en.wikipedia.org/wiki/Fasoracetam
Nebracetam	Nootropics	2133	2016-04-02T13:59:00Z	2004-08-31T23:15:00Z	25	72	38	6	https://en.wikipedia.org/wiki/Nebracetam
Nefiracetam	Nootropics	6666	2016-06-11T22:28:00Z	2004-08-31T22:54:00Z	36	92	50	6	https://en.wikipedia.org/wiki/Nefiracetam
Oxiracetam	Nootropics	8234	2016-07-01T11:05:00Z	2004-08-31T22:02:00Z	39	159	91	22	https://en.wikipedia.org/wiki/Oxiracetam
Pramiracetam	Nootropics	4931	2016-04-02T20:13:00Z	2004-08-31T22:12:00Z	16	170	93	21	https://en.wikipedia.org/wiki/Pramiracetam
Rolziracetam	Nootropics	1866	2016-04-02T20:47:00Z	2004-08-31T22:58:00Z	6	50	26	1	https://en.wikipedia.org/wiki/Rolziracetam
Pyritinol	Nootropics	5310	2016-07-07T15:35:00Z	2004-09-01T18:32:00Z	30	108	74	11	https://en.wikipedia.org/wiki/Pyritinol
Diisopropyltryptamine	Psychedelics	5583	2016-04-02T13:30:00Z	2004-09-30T03:29:00Z	11	162	108	9	https://en.wikipedia.org/wiki/Diisopropyltryptamine
Coluracetam	Nootropics	5891	2016-04-02T13:25:00Z	2004-11-02T22:36:00Z	19	76	45	9	https://en.wikipedia.org/wiki/Coluracetam
Diethyltryptamine	Psychedelics	5575	2016-05-15T01:35:00Z	2004-11-03T23:32:00Z	19	98	61	10	https://en.wikipedia.org/wiki/Diethyltryptamine
4-HO-DET	Psychedelics	3712	2016-03-09T21:35:00Z	2004-11-04T12:09:00Z	9	60	38	3	https://en.wikipedia.org/wiki/4-HO-DET
Bromo-DragonFLY	Psychedelics	19519	2016-06-19T11:41:00Z	2004-11-06T19:13:00Z	60	363	200	14	https://en.wikipedia.org/wiki/Bromo-DragonFLY
3C-E	Psychedelics	1707	2016-01-31T19:20:00Z	2004-11-16T13:53:00Z	10	61	39	3	https://en.wikipedia.org/wiki/3C-E
Escaline	Psychedelics	3163	2016-03-01T23:47:00Z	2004-11-16T19:33:00Z	10	57	40	5	https://en.wikipedia.org/wiki/Escaline
2C-T-4	Psychedelics	5738	2016-03-01T21:38:00Z	2004-11-19T17:46:00Z	15	132	68	8	https://en.wikipedia.org/wiki/2C-T-4
Dizocilpine	Dissociatives	27632	2016-05-29T20:15:00Z	2004-11-21T15:44:00Z	180	170	88	6	https://en.wikipedia.org/wiki/Dizocilpine
4-Acetoxy-DET	Psychedelics	3706	2016-04-03T21:19:00Z	2004-11-24T21:48:00Z	7	84	56	3	https://en.wikipedia.org/wiki/4-Acetoxy-DET
Benzylpiperazine	Piperazines	35403	2016-06-16T17:18:00Z	2004-12-09T03:08:00Z	121	761	343	12	https://en.wikipedia.org/wiki/Benzylpiperazine
Selegiline	Nootropics	28920	2016-07-01T18:46:00Z	2004-12-12T16:24:00Z	121	555	247	109	https://en.wikipedia.org/wiki/Selegiline
Memantine	Nootropics	26340	2016-06-09T22:47:00Z	2004-12-17T09:40:00Z	177	464	236	70	https://en.wikipedia.org/wiki/Memantine
Trifluoromethylphenylpiperazine	Piperazines	12159	2016-06-08T16:31:00Z	2004-12-17T03:37:00Z	35	217	122	7	https://en.wikipedia.org/wiki/Trifluoromethylphenylpiperazine
Meclofenoxate	Nootropics	4952	2016-06-28T22:04:00Z	2005-01-04T22:17:00Z	17	113	70	13	https://en.wikipedia.org/wiki/Meclofenoxate
2C-P	Psychedelics	8060	2016-06-30T21:54:00Z	2005-01-17T11:33:00Z	20	142	93	8	https://en.wikipedia.org/wiki/2C-P
HU-210	Synthetic cannabimimetics	8869	2016-07-08T22:53:00Z	2005-02-03T06:33:00Z	41	244	132	13	https://en.wikipedia.org/wiki/HU-210
Idebenone	Nootropics	13055	2016-05-31T22:24:00Z	2005-03-19T18:07:00Z	62	143	79	4	https://en.wikipedia.org/wiki/Idebenone
Trimethoxyamphetamine	Psychedelics	8615	2015-08-06T15:31:00Z	2005-03-21T17:44:00Z	15	74	52	1	https://en.wikipedia.org/wiki/Trimethoxyamphetamine
Gamma-Butyrolactone	Sedatives	21969	2016-05-31T21:08:00Z	2005-04-06T21:04:00Z	69	498	261	38	https://en.wikipedia.org/wiki/Gamma-Butyrolactone
1,3-Benzodioxolyl-N-methylbutanamine	Empathogens	6891	2016-05-16T04:18:00Z	2005-04-22T17:22:00Z	16	160	87	8	https://en.wikipedia.org/wiki/1%2C3-Benzodioxolyl-N-methylbutanamine
5-MeO-DALT	Psychedelics	9200	2016-05-17T19:19:00Z	2005-04-27T13:37:00Z	28	167	120	17	https://en.wikipedia.org/wiki/5-MeO-DALT
5-MeO-MiPT	Psychedelics	7957	2016-05-17T18:43:00Z	2005-04-27T13:33:00Z	25	147	102	12	https://en.wikipedia.org/wiki/5-MeO-MiPT
4-Acetoxy-DiPT	Psychedelics	2923	2016-06-18T00:11:00Z	2005-04-28T09:39:00Z	8	94	57	3	https://en.wikipedia.org/wiki/4-Acetoxy-DiPT
5-MeO-DET	Psychedelics	5432	2016-05-17T18:47:00Z	2005-04-28T10:20:00Z	38	49	28	8	https://en.wikipedia.org/wiki/5-MeO-DET
ALD-52	Psychedelics	5264	2016-07-09T17:38:00Z	2005-05-03T07:05:00Z	14	129	86	16	https://en.wikipedia.org/wiki/ALD-52
Dimethylethanolamine	Nootropics	17907	2016-07-11T06:51:00Z	2005-05-21T05:54:00Z	82	245	126	43	https://en.wikipedia.org/wiki/Dimethylethanolamine
Viloxazine	Stimulants	13769	2016-06-06T20:51:00Z	2005-07-06T01:29:00Z	73	178	66	33	https://en.wikipedia.org/wiki/Viloxazine
Phenylpiracetam	Nootropics	8449	2016-06-25T17:18:00Z	2005-07-22T06:58:00Z	31	300	170	49	https://en.wikipedia.org/wiki/Phenylpiracetam
Tianeptine	Nootropics	31928	2016-07-10T19:47:00Z	2005-08-17T15:22:00Z	143	552	250	42	https://en.wikipedia.org/wiki/Tianeptine
Anserine	Androgens	2149	2016-03-06T11:57:00Z	2005-08-19T07:38:00Z	8	46	31	6	https://en.wikipedia.org/wiki/Anserine
Butylone	Empathogens	8117	2016-06-29T02:38:00Z	2005-08-26T20:01:00Z	43	165	85	18	https://en.wikipedia.org/wiki/Butylone
Oxandrolone	Androgens	17693	2016-07-05T07:31:00Z	2005-08-30T09:05:00Z	59	412	151	148	https://en.wikipedia.org/wiki/Oxandrolone
Methylone	Empathogens	18747	2016-06-13T00:46:00Z	2005-08-31T03:12:00Z	34	508	292	21	https://en.wikipedia.org/wiki/Methylone
4-Fluoroamphetamine	Empathogens	13276	2016-05-18T23:28:00Z	2005-09-26T23:58:00Z	60	278	136	23	https://en.wikipedia.org/wiki/4-Fluoroamphetamine
Oxymetholone	Androgens	4583	2016-04-02T19:47:00Z	2005-10-07T00:58:00Z	14	243	154	6	https://en.wikipedia.org/wiki/Oxymetholone
Metandienone	Androgens	13376	2016-06-18T03:29:00Z	2005-10-10T09:22:00Z	39	492	286	46	https://en.wikipedia.org/wiki/Metandienone
Trenbolone	Androgens	9226	2016-06-27T11:31:00Z	2005-10-19T00:00:00Z	32	368	213	47	https://en.wikipedia.org/wiki/Trenbolone
4-HO-MiPT	Psychedelics	5549	2016-04-17T17:43:00Z	2005-11-01T05:30:00Z	10	239	96	15	https://en.wikipedia.org/wiki/4-HO-MiPT
Growth hormone–releasing hormone	Peptides	10348	2016-06-24T03:10:00Z	2005-11-02T13:46:00Z	31	146	85	13	https://en.wikipedia.org/wiki/Growth_hormone%E2%80%93releasing_hormone
Boldenone	Androgens	8556	2016-06-10T21:16:00Z	2005-11-03T15:02:00Z	24	289	173	46	https://en.wikipedia.org/wiki/Boldenone
5-MeO-DPT	Psychedelics	2636	2016-07-05T01:40:00Z	2005-11-16T19:10:00Z	6	52	37	4	https://en.wikipedia.org/wiki/5-MeO-DPT
Alagebrium	Nootropics	8587	2016-05-19T22:06:00Z	2005-11-16T06:07:00Z	25	106	60	4	https://en.wikipedia.org/wiki/Alagebrium
Methylisopropyltryptamine	Psychedelics	2709	2016-04-02T18:04:00Z	2005-11-16T05:35:00Z	6	66	44	3	https://en.wikipedia.org/wiki/Methylisopropyltryptamine
2C-G	Psychedelics	5772	2015-12-18T01:49:00Z	2005-11-17T03:39:00Z	18	105	53	2	https://en.wikipedia.org/wiki/2C-G
3C-P	Psychedelics	1967	2016-06-21T14:49:00Z	2005-11-17T04:10:00Z	7	37	22	2	https://en.wikipedia.org/wiki/3C-P
Proscaline	Psychedelics	2412	2016-04-09T04:24:00Z	2005-11-17T09:41:00Z	7	56	35	8	https://en.wikipedia.org/wiki/Proscaline
2C-B-FLY	Psychedelics	11162	2016-05-26T08:21:00Z	2005-11-28T05:34:00Z	55	189	93	14	https://en.wikipedia.org/wiki/2C-B-FLY
5-MeO-AET	Empathogens	2124	2016-04-02T14:38:00Z	2005-11-29T02:38:00Z	2	37	27	1	https://en.wikipedia.org/wiki/5-MeO-AET
Ethylisopropyltryptamine	Psychedelics	2962	2016-04-02T16:16:00Z	2005-11-29T03:33:00Z	3	34	26	2	https://en.wikipedia.org/wiki/Ethylisopropyltryptamine
Isoproscaline	Psychedelics	3229	2015-07-16T16:15:00Z	2005-11-30T02:40:00Z	6	37	29	1	https://en.wikipedia.org/wiki/Isoproscaline
MMDA (drug)	Empathogens	5908	2016-06-02T23:39:00Z	2005-12-04T06:58:00Z	21	133	74	10	https://en.wikipedia.org/wiki/MMDA_%28drug)
Metenolone enanthate	Androgens	6514	2016-05-27T18:40:00Z	2005-12-24T19:55:00Z	15	131	79	7	https://en.wikipedia.org/wiki/Metenolone_enanthate
Pramipexole	Nootropics	15111	2016-07-01T21:56:00Z	2006-02-07T05:37:00Z	84	228	113	20	https://en.wikipedia.org/wiki/Pramipexole
Adinazolam	Sedatives	7784	2016-06-29T19:24:00Z	2006-02-18T23:08:00Z	41	99	51	10	https://en.wikipedia.org/wiki/Adinazolam
Etizolam	Sedatives	19851	2016-07-09T19:12:00Z	2006-02-21T12:46:00Z	110	547	205	80	https://en.wikipedia.org/wiki/Etizolam
Vinpocetine	Nootropics	15625	2016-05-24T22:22:00Z	2006-03-09T08:31:00Z	78	277	164	22	https://en.wikipedia.org/wiki/Vinpocetine
WIN 55,212-2	Synthetic cannabimimetics	9199	2016-06-30T12:20:00Z	2006-03-17T20:39:00Z	54	134	69	10	https://en.wikipedia.org/wiki/WIN_55%2C212-2
Melanotan II	Peptides	30380	2016-07-03T20:00:00Z	2006-03-20T14:27:00Z	98	273	123	39	https://en.wikipedia.org/wiki/Melanotan_II
4-Methylthioamphetamine	Empathogens	10341	2016-07-10T02:52:00Z	2006-04-02T22:12:00Z	51	133	79	7	https://en.wikipedia.org/wiki/4-Methylthioamphetamine
Ethylone	Empathogens	4356	2016-06-27T06:52:00Z	2006-04-11T22:17:00Z	18	108	46	13	https://en.wikipedia.org/wiki/Ethylone
Pagoclone	Sedatives	7406	2016-05-07T10:54:00Z	2006-04-12T07:13:00Z	29	103	56	15	https://en.wikipedia.org/wiki/Pagoclone
Phenibut	Sedatives	19204	2016-07-05T12:35:00Z	2006-06-06T01:51:00Z	61	413	220	81	https://en.wikipedia.org/wiki/Phenibut
P21	Peptides	20863	Jul 6, 2016, 00:45 AM	2006-06-17T04:54:00Z	304	129	79	6	https://en.wikipedia.org/wiki/P21
Rasagiline	Nootropics	16994	2016-06-06T14:06:00Z	2006-06-25T11:46:00Z	67	240	107	67	https://en.wikipedia.org/wiki/Rasagiline
Picamilon	Nootropics	7952	2016-06-28T14:22:00Z	2006-07-04T17:01:00Z	42	132	73	23	https://en.wikipedia.org/wiki/Picamilon
AL-LAD	Psychedelics	9630	2016-06-22T23:09:00Z	2006-07-05T09:07:00Z	46	127	68	21	https://en.wikipedia.org/wiki/AL-LAD
ETH-LAD	Psychedelics	4909	2016-07-09T14:10:00Z	2006-07-05T09:27:00Z	18	69	42	18	https://en.wikipedia.org/wiki/ETH-LAD
LSM-775	Psychedelics	2210	2016-04-02T19:44:00Z	2006-07-19T09:23:00Z	8	35	24	7	https://en.wikipedia.org/wiki/LSM-775
Nilotinib	Nootropics	15808	2016-05-30T03:25:00Z	2006-07-22T10:38:00Z	72	183	87	27	https://en.wikipedia.org/wiki/Nilotinib
Sulbutiamine	Nootropics	9329	2016-06-06T01:29:00Z	2006-07-27T04:49:00Z	38	194	86	17	https://en.wikipedia.org/wiki/Sulbutiamine
Fluoxymesterone	Androgens	7738	2016-06-20T22:07:00Z	2006-08-24T17:22:00Z	17	144	71	19	https://en.wikipedia.org/wiki/Fluoxymesterone
Mesterolone	Androgens	5234	2016-06-01T10:42:00Z	2006-08-24T17:20:00Z	27	99	58	19	https://en.wikipedia.org/wiki/Mesterolone
O-Acetylpsilocin	Psychedelics	8203	2016-06-23T12:24:00Z	2006-08-28T06:24:00Z	17	367	174	31	https://en.wikipedia.org/wiki/O-Acetylpsilocin
4-Chlorodehydromethyltestosterone	Androgens	3869	2016-06-11T17:46:00Z	2006-09-15T02:09:00Z	13	182	87	16	https://en.wikipedia.org/wiki/4-Chlorodehydromethyltestosterone
Ethocybin	Psychedelics	4442	2016-04-16T15:28:00Z	2006-09-19T12:52:00Z	3	45	32	4	https://en.wikipedia.org/wiki/Ethocybin
Trestolone	Androgens	5066	2016-05-19T20:07:00Z	2006-09-27T23:31:00Z	8	69	35	5	https://en.wikipedia.org/wiki/Trestolone
5-APDI	Empathogens	4730	2016-05-26T11:22:00Z	2006-10-02T02:22:00Z	18	150	47	8	https://en.wikipedia.org/wiki/5-APDI
Fluorenone	Nootropics	2794	2016-02-19T13:04:00Z	2006-10-02T20:17:00Z	9	98	55	7	https://en.wikipedia.org/wiki/Fluorenone
Phenazepam	Sedatives	17584	2016-06-26T00:13:00Z	2006-12-01T15:31:00Z	50	301	146	33	https://en.wikipedia.org/wiki/Phenazepam
Methylenedioxypyrovalerone	Stimulants	24705	2016-06-27T18:58:00Z	2007-01-26T04:45:00Z	93	1,075	505	26	https://en.wikipedia.org/wiki/Methylenedioxypyrovalerone
Pyrovalerone	Stimulants	4614	2016-04-04T14:26:00Z	2007-01-26T05:25:00Z	16	125	66	12	https://en.wikipedia.org/wiki/Pyrovalerone
Mibolerone	Androgens	4731	2016-06-03T16:26:00Z	2007-01-28T10:49:00Z	23	78	40	5	https://en.wikipedia.org/wiki/Mibolerone
5-MeO-2-TMT	Psychedelics	2858	2016-04-02T14:38:00Z	2007-01-29T22:58:00Z	7	33	17	1	https://en.wikipedia.org/wiki/5-MeO-2-TMT
Pipradrol	Stimulants	4012	2016-06-05T02:32:00Z	2007-02-03T22:46:00Z	10	92	46	11	https://en.wikipedia.org/wiki/Pipradrol
Desoxypipradrol	Stimulants	9899	2016-06-16T09:27:00Z	2007-02-12T07:02:00Z	20	194	91	10	https://en.wikipedia.org/wiki/Desoxypipradrol
Aleph (psychedelic)	Psychedelics	5134	2016-02-06T12:19:00Z	2007-02-18T03:59:00Z	23	68	31	8	https://en.wikipedia.org/wiki/Aleph_%28psychedelic)
Eticyclidine	Dissociatives	2848	2016-05-27T16:19:00Z	2007-02-24T08:49:00Z	9	44	27	6	https://en.wikipedia.org/wiki/Eticyclidine
HOT-7	Psychedelics	2501	2016-06-29T15:58:00Z	2007-02-25T19:28:00Z	6	28	20	1	https://en.wikipedia.org/wiki/HOT-7
Methylenedioxyhydroxyamphetamine	Empathogens	2333	2016-05-23T11:54:00Z	2007-03-04T03:12:00Z	9	55	31	3	https://en.wikipedia.org/wiki/Methylenedioxyhydroxyamphetamine
Mecloqualone	Sedatives	3938	2016-05-05T12:35:00Z	2007-03-14T03:10:00Z	15	66	34	9	https://en.wikipedia.org/wiki/Mecloqualone
EDMA	Empathogens	4160	2016-05-21T03:08:00Z	2007-03-18T02:03:00Z	11	57	38	7	https://en.wikipedia.org/wiki/EDMA
Allylescaline	Psychedelics	3148	2016-01-07T05:01:00Z	2007-03-27T01:59:00Z	11	50	30	1	https://en.wikipedia.org/wiki/Allylescaline
BOB (psychedelic)	Psychedelics	2509	2015-07-07T16:00:00Z	2007-03-27T21:22:00Z	9	48	27	0	https://en.wikipedia.org/wiki/BOB_%28psychedelic)
BOD (psychedelic)	Psychedelics	2404	2015-07-07T16:00:00Z	2007-03-27T21:42:00Z	8	36	21	0	https://en.wikipedia.org/wiki/BOD_%28psychedelic)
Methylbenzylpiperazine	Piperazines	5122	2016-04-02T18:04:00Z	2007-03-28T02:34:00Z	6	53	31	3	https://en.wikipedia.org/wiki/Methylbenzylpiperazine
Clostebol	Androgens	2821	2016-07-08T01:18:00Z	2007-03-30T04:23:00Z	10	72	46	17	https://en.wikipedia.org/wiki/Clostebol
Etaqualone	Sedatives	4729	2016-04-02T16:16:00Z	2007-03-31T00:29:00Z	13	67	32	6	https://en.wikipedia.org/wiki/Etaqualone
Mebroqualone	Sedatives	2827	2016-04-02T17:53:00Z	2007-03-31T00:45:00Z	4	39	23	4	https://en.wikipedia.org/wiki/Mebroqualone
Methallylescaline	Psychedelics	2826	2016-05-04T02:57:00Z	2007-03-31T02:56:00Z	7	32	23	3	https://en.wikipedia.org/wiki/Methallylescaline
Methylmethaqualone	Sedatives	3959	2016-04-02T18:04:00Z	2007-03-31T13:03:00Z	9	62	29	5	https://en.wikipedia.org/wiki/Methylmethaqualone
2C-B-BZP	Piperazines	3524	2016-05-18T22:54:00Z	2007-04-04T18:25:00Z	10	72	45	4	https://en.wikipedia.org/wiki/2C-B-BZP
Α-Methylfentanyl	Sedatives	5894	2016-05-19T04:18:00Z	2007-04-09T10:02:00Z	17	107	71	12	https://en.wikipedia.org/wiki/%CE%91-Methylfentanyl
Diphenylprolinol	Stimulants	3857	2016-05-29T19:44:00Z	2007-04-19T07:40:00Z	16	98	49	6	https://en.wikipedia.org/wiki/Diphenylprolinol
Troparil	Stimulants	10708	Feb 27, 2016, 00:07 AM	2007-04-20T13:41:00Z	63	243	38	8	https://en.wikipedia.org/wiki/Troparil
Para-Methoxy-N-methylamphetamine	Psychedelics	13728	2016-05-25T12:44:00Z	2007-04-21T04:47:00Z	57	167	101	9	https://en.wikipedia.org/wiki/Para-Methoxy-N-methylamphetamine
3-Methylfentanyl	Sedatives	10725	2016-06-06T05:40:00Z	2007-04-23T02:21:00Z	38	115	59	25	https://en.wikipedia.org/wiki/3-Methylfentanyl
5-Bromo-DMT	Psychedelics	5172	2016-05-17T20:30:00Z	2007-04-23T09:11:00Z	26	66	31	11	https://en.wikipedia.org/wiki/5-Bromo-DMT
Parafluorofentanyl	Sedatives	4388	2016-06-21T07:49:00Z	2007-04-24T03:56:00Z	17	50	26	14	https://en.wikipedia.org/wiki/Parafluorofentanyl
Dibenzylpiperazine	Piperazines	3495	2016-03-08T08:32:00Z	2007-04-25T04:26:00Z	8	37	23	3	https://en.wikipedia.org/wiki/Dibenzylpiperazine
Methylenedioxybenzylpiperazine	Piperazines	2441	2016-05-21T18:08:00Z	2007-04-25T05:06:00Z	4	56	32	15	https://en.wikipedia.org/wiki/Methylenedioxybenzylpiperazine
O-Desmethyltramadol	Sedatives	9983	2016-06-04T15:39:00Z	2007-04-30T04:37:00Z	49	120	70	11	https://en.wikipedia.org/wiki/O-Desmethyltramadol
Mazindol	Stimulants	12116	2016-06-03T14:09:00Z	2007-05-04T22:43:00Z	35	156	67	22	https://en.wikipedia.org/wiki/Mazindol
MMDA-2	Empathogens	5334	2016-06-02T23:39:00Z	2007-05-07T23:50:00Z	26	31	18	1	https://en.wikipedia.org/wiki/MMDA-2
Sermorelin	Peptides	5632	2016-06-10T17:58:00Z	2007-05-20T07:03:00Z	15	77	46	3	https://en.wikipedia.org/wiki/Sermorelin
4-HO-DPT	Psychedelics	2497	2016-03-09T21:37:00Z	2007-06-09T12:36:00Z	4	23	17	1	https://en.wikipedia.org/wiki/4-HO-DPT
4-HO-MET	Psychedelics	4523	2016-04-18T04:54:00Z	2007-06-09T13:09:00Z	15	116	68	13	https://en.wikipedia.org/wiki/4-HO-MET
4-HO-MPT	Psychedelics	3959	2016-06-13T00:28:00Z	2007-06-09T13:40:00Z	11	37	23	8	https://en.wikipedia.org/wiki/4-HO-MPT
Adrenosterone	Androgens	4005	2016-06-28T14:28:00Z	2007-07-01T15:57:00Z	15	50	31	6	https://en.wikipedia.org/wiki/Adrenosterone
Propentofylline	Nootropics	5068	2016-05-22T22:16:00Z	2007-07-28T16:13:00Z	34	47	26	5	https://en.wikipedia.org/wiki/Propentofylline
Gamma-Valerolactone	Sedatives	10073	2016-02-19T17:07:00Z	2007-07-31T00:39:00Z	35	85	39	7	https://en.wikipedia.org/wiki/Gamma-Valerolactone
Mestanolone	Androgens	3285	2016-05-12T15:09:00Z	2007-09-03T05:31:00Z	11	56	31	9	https://en.wikipedia.org/wiki/Mestanolone
Afloqualone	Sedatives	3249	2016-04-02T14:45:00Z	2007-09-16T09:52:00Z	8	45	26	1	https://en.wikipedia.org/wiki/Afloqualone
Desoxymethyltestosterone	Androgens	6374	2016-05-29T18:40:00Z	2007-10-06T04:42:00Z	19	86	47	5	https://en.wikipedia.org/wiki/Desoxymethyltestosterone
Ethylphenidate	Stimulants	11873	2016-05-30T02:54:00Z	2007-10-06T07:24:00Z	39	223	121	20	https://en.wikipedia.org/wiki/Ethylphenidate
Norboletone	Androgens	4669	2016-06-04T14:35:00Z	2007-10-06T04:26:00Z	15	62	35	5	https://en.wikipedia.org/wiki/Norboletone
Benzofuranylpropylaminopentane	Nootropics	4506	2016-04-02T15:22:00Z	2007-10-09T12:42:00Z	4	41	22	1	https://en.wikipedia.org/wiki/Benzofuranylpropylaminopentane
Phenylpropylaminopentane	Nootropics	4156	2016-06-05T12:58:00Z	2007-10-09T08:54:00Z	20	25	16	5	https://en.wikipedia.org/wiki/Phenylpropylaminopentane
Methedrone	Stimulants	19838	2016-06-12T22:36:00Z	2007-10-11T09:35:00Z	26	237	128	28	https://en.wikipedia.org/wiki/Methedrone
Meclonazepam	Sedatives	4624	2016-07-02T18:01:00Z	2007-11-15T22:46:00Z	31	55	26	9	https://en.wikipedia.org/wiki/Meclonazepam
MEAI	Empathogens	6042	2016-05-16T00:44:00Z	2007-11-16T20:51:00Z	21	68	22	27	https://en.wikipedia.org/wiki/MEAI
MN-18	Synthetic cannabimimetics	3334	2016-06-27T06:22:00Z	2007-11-24T17:22:00Z	9	8	5	7	https://en.wikipedia.org/wiki/MN-18
4-Fluoromethamphetamine	Empathogens	5917	2016-05-18T23:28:00Z	2007-12-09T05:52:00Z	22	103	55	15	https://en.wikipedia.org/wiki/4-Fluoromethamphetamine
Mephedrone	Stimulants	112661	2016-07-06T05:06:00Z	2007-12-10T23:13:00Z	325	2,977	1,210	95	https://en.wikipedia.org/wiki/Mephedrone
Ethcathinone	Stimulants	5194	2016-04-02T16:16:00Z	2007-12-20T17:19:00Z	16	89	46	10	https://en.wikipedia.org/wiki/Ethcathinone
Dimethocaine	Stimulants	3895	2016-05-31T19:55:00Z	2008-01-08T18:31:00Z	24	132	71	9	https://en.wikipedia.org/wiki/Dimethocaine
WAY-100,635	Nootropics	19709	2016-06-06T21:18:00Z	2008-02-29T14:39:00Z	113	96	34	2	https://en.wikipedia.org/wiki/WAY-100%2C635
IDRA-21	Nootropics	8217	2016-06-27T10:33:00Z	2008-03-08T23:25:00Z	74	38	23	5	https://en.wikipedia.org/wiki/IDRA-21
BAY 38-7271	Synthetic cannabimimetics	3604	2016-05-09T06:14:00Z	2008-03-25T11:27:00Z	8	39	22	4	https://en.wikipedia.org/wiki/BAY_38-7271
JWH-015	Synthetic cannabimimetics	7227	2016-06-04T12:37:00Z	2008-03-25T11:54:00Z	43	63	30	7	https://en.wikipedia.org/wiki/JWH-015
JWH-018	Synthetic cannabimimetics	25913	2016-06-01T02:42:00Z	2008-03-25T05:52:00Z	97	1,358	635	34	https://en.wikipedia.org/wiki/JWH-018
JWH-073	Synthetic cannabimimetics	7631	2016-06-22T08:30:00Z	2008-03-25T06:14:00Z	24	183	102	21	https://en.wikipedia.org/wiki/JWH-073
JWH-081	Synthetic cannabimimetics	3808	2016-06-01T02:42:00Z	2008-03-25T06:09:00Z	12	65	41	11	https://en.wikipedia.org/wiki/JWH-081
JWH-200	Synthetic cannabimimetics	5033	2016-04-02T16:42:00Z	2008-04-14T05:46:00Z	17	82	52	9	https://en.wikipedia.org/wiki/JWH-200
W-18	Sedatives	7068	2016-06-30T02:56:00Z	2008-04-15T08:11:00Z	16	127	55	94	https://en.wikipedia.org/wiki/W-18
CP 47,497	Synthetic cannabimimetics	8048	2016-05-22T03:44:00Z	2008-05-03T11:11:00Z	22	152	63	27	https://en.wikipedia.org/wiki/CP_47%2C497
25I-NBOH	Psychedelics	4591	2016-05-18T22:53:00Z	2008-05-04T08:02:00Z	23	59	36	4	https://en.wikipedia.org/wiki/25I-NBOH
25I-NBOMe	Psychedelics	28983	2016-06-28T13:59:00Z	2008-05-04T08:25:00Z	92	771	323	83	https://en.wikipedia.org/wiki/25I-NBOMe
5-Methyl-MDA	Empathogens	6026	2016-06-13T00:53:00Z	2008-05-04T07:15:00Z	21	66	31	10	https://en.wikipedia.org/wiki/5-Methyl-MDA
HU-308	Synthetic cannabimimetics	5168	2016-02-15T02:13:00Z	2008-05-04T09:19:00Z	33	48	27	5	https://en.wikipedia.org/wiki/HU-308
NESS-0327	Synthetic cannabimimetics	3683	2016-06-30T07:19:00Z	2008-05-07T04:52:00Z	5	33	18	5	https://en.wikipedia.org/wiki/NESS-0327
Tert-Amyl alcohol	Sedatives	10873	2016-07-02T16:56:00Z	2008-05-19T15:49:00Z	32	589	98	11	https://en.wikipedia.org/wiki/Tert-Amyl_alcohol
Dichloropane	Stimulants	5779	2016-05-27T16:29:00Z	2008-06-01T01:03:00Z	5	70	36	3	https://en.wikipedia.org/wiki/Dichloropane
Diclofensine	Stimulants	5515	2016-04-02T16:02:00Z	2008-06-01T12:21:00Z	6	61	31	1	https://en.wikipedia.org/wiki/Diclofensine
HDMP-28	Stimulants	5669	2016-03-22T04:55:00Z	2008-06-07T14:16:00Z	12	74	26	6	https://en.wikipedia.org/wiki/HDMP-28
Metribolone	Androgens	3796	2016-06-03T15:41:00Z	2008-06-09T21:52:00Z	26	50	36	1	https://en.wikipedia.org/wiki/Metribolone
3-Aminoisobutyric acid	Androgens	3606	2016-02-03T06:12:00Z	2008-06-10T01:24:00Z	14	38	21	4	https://en.wikipedia.org/wiki/3-Aminoisobutyric_acid
Afamelanotide	Peptides	47044	2016-05-30T05:29:00Z	2008-06-17T01:40:00Z	148	346	108	35	https://en.wikipedia.org/wiki/Afamelanotide
4-HO-MPMI	Psychedelics	2968	2016-05-20T10:20:00Z	2008-06-21T09:11:00Z	9	33	18	4	https://en.wikipedia.org/wiki/4-HO-MPMI
5-MeO-MPMI	Psychedelics	3139	2016-07-04T01:21:00Z	2008-06-21T09:22:00Z	13	36	18	6	https://en.wikipedia.org/wiki/5-MeO-MPMI
Acetildenafil	PDE5 inhibitors	7343	2016-05-13T23:19:00Z	2008-06-24T06:15:00Z	34	67	38	2	https://en.wikipedia.org/wiki/Acetildenafil
Drostanolone	Androgens	9370	2016-07-04T06:50:00Z	2008-06-26T18:02:00Z	23	82	42	21	https://en.wikipedia.org/wiki/Drostanolone
Taltirelin	Nootropics	7221	2016-04-02T22:33:00Z	2008-06-27T17:11:00Z	40	32	19	4	https://en.wikipedia.org/wiki/Taltirelin
Glaucine	Dissociatives	11810	2016-05-24T22:23:00Z	2008-06-30T01:43:00Z	58	87	52	6	https://en.wikipedia.org/wiki/Glaucine
Acadesine	Androgens	9375	2016-05-19T10:29:00Z	2008-07-06T03:30:00Z	51	67	36	5	https://en.wikipedia.org/wiki/Acadesine
Dimiracetam	Nootropics	2899	2016-03-07T18:41:00Z	2008-07-10T05:33:00Z	15	33	18	4	https://en.wikipedia.org/wiki/Dimiracetam
Imuracetam	Nootropics	1988	2016-05-27T01:35:00Z	2008-07-10T05:23:00Z	6	22	16	3	https://en.wikipedia.org/wiki/Imuracetam
CJC-1295	Peptides	10648	2016-04-05T20:50:00Z	2008-07-27T23:10:00Z	35	63	43	9	https://en.wikipedia.org/wiki/CJC-1295
Methylhexanamine	Stimulants	28348	2016-07-05T01:24:00Z	2008-08-31T20:40:00Z	60	534	264	21	https://en.wikipedia.org/wiki/Methylhexanamine
Roflumilast	Nootropics	7356	2016-06-07T22:03:00Z	2008-09-11T12:10:00Z	52	134	57	7	https://en.wikipedia.org/wiki/Roflumilast
JTE-907	Synthetic cannabimimetics	3318	2016-04-02T16:41:00Z	2008-10-11T05:40:00Z	18	35	22	5	https://en.wikipedia.org/wiki/JTE-907
Benzylbutylbarbiturate	Sedatives	3547	2016-04-02T15:22:00Z	2008-10-23T23:37:00Z	10	35	19	4	https://en.wikipedia.org/wiki/Benzylbutylbarbiturate
Lysergic acid 2,4-dimethylazetidide	Psychedelics	7198	2016-07-08T17:09:00Z	2008-10-23T21:03:00Z	32	108	54	22	https://en.wikipedia.org/wiki/Lysergic_acid_2%2C4-dimethylazetidide
BMS-564,929	Androgens	6933	2016-04-02T15:25:00Z	2008-10-26T11:52:00Z	30	41	22	2	https://en.wikipedia.org/wiki/BMS-564%2C929
Enobosarm	Androgens	7954	2016-06-28T05:16:00Z	2008-10-27T23:45:00Z	25	136	62	8	https://en.wikipedia.org/wiki/Enobosarm
LGD-2226	Androgens	4472	2016-01-04T20:19:00Z	2008-10-27T08:42:00Z	18	21	15	1	https://en.wikipedia.org/wiki/LGD-2226
S-40503	Androgens	5253	2016-04-04T23:24:00Z	2008-10-27T12:25:00Z	12	24	16	3	https://en.wikipedia.org/wiki/S-40503
Andarine	Androgens	4454	2016-04-02T14:52:00Z	2008-10-28T06:07:00Z	31	54	24	7	https://en.wikipedia.org/wiki/Andarine
Fluorenol	Nootropics	4875	2016-02-13T10:58:00Z	2008-11-05T14:15:00Z	21	67	38	11	https://en.wikipedia.org/wiki/Fluorenol
5-APDB	Empathogens	6105	2016-05-26T12:07:00Z	2008-11-08T04:57:00Z	20	85	31	8	https://en.wikipedia.org/wiki/5-APDB
Ibutamoren	Peptides	8932	2016-04-02T16:35:00Z	2008-11-08T09:28:00Z	10	51	22	5	https://en.wikipedia.org/wiki/Ibutamoren
Meprylcaine	Stimulants	2781	2016-06-03T15:14:00Z	2008-11-12T23:50:00Z	20	29	19	3	https://en.wikipedia.org/wiki/Meprylcaine
Pitolisant	Nootropics	4699	2016-06-05T02:36:00Z	2008-11-14T00:33:00Z	19	51	30	5	https://en.wikipedia.org/wiki/Pitolisant
Prucalopride	Nootropics	17531	2016-06-17T22:40:00Z	2008-11-17T13:57:00Z	97	93	49	14	https://en.wikipedia.org/wiki/Prucalopride
JDTic	Nootropics	12798	2016-06-01T03:31:00Z	2008-11-29T00:29:00Z	63	99	38	11	https://en.wikipedia.org/wiki/JDTic
JWH-250	Synthetic cannabimimetics	5136	2016-05-23T11:57:00Z	2008-12-10T08:41:00Z	17	120	64	7	https://en.wikipedia.org/wiki/JWH-250
1-Testosterone	Androgens	3893	2016-05-12T00:46:00Z	2008-12-28T06:40:00Z	15	51	20	13	https://en.wikipedia.org/wiki/1-Testosterone
Epiandrosterone	Androgens	4599	2016-04-02T16:14:00Z	2009-01-09T11:44:00Z	7	36	18	5	https://en.wikipedia.org/wiki/Epiandrosterone
2CBCB-NBOMe	Psychedelics	2780	2016-06-21T14:19:00Z	2009-01-25T04:43:00Z	7	44	20	4	https://en.wikipedia.org/wiki/2CBCB-NBOMe
Prostanozol	Androgens	2537	2015-07-26T05:34:00Z	2009-02-01T01:18:00Z	5	23	16	1	https://en.wikipedia.org/wiki/Prostanozol
Methasterone	Androgens	9642	2016-07-06T15:11:00Z	2009-02-21T03:07:00Z	23	82	44	5	https://en.wikipedia.org/wiki/Methasterone
Bromantane	Stimulants	31658	2016-05-15T22:18:00Z	2009-03-04T07:59:00Z	101	104	52	54	https://en.wikipedia.org/wiki/Bromantane
Para-Chloroamphetamine	Empathogens	8006	2016-06-23T02:28:00Z	2009-03-14T04:45:00Z	56	94	44	13	https://en.wikipedia.org/wiki/Para-Chloroamphetamine
MDAI	Empathogens	12155	2016-07-07T16:10:00Z	2009-03-30T07:10:00Z	32	185	83	16	https://en.wikipedia.org/wiki/MDAI
Flephedrone	Stimulants	4885	2016-06-27T06:14:00Z	2009-03-31T22:02:00Z	23	146	83	10	https://en.wikipedia.org/wiki/Flephedrone
AC-262,356	Androgens	2894	2016-07-11T05:54:00Z	2009-04-05T09:01:00Z	8	28	19	7	https://en.wikipedia.org/wiki/AC-262%2C356
CB-13	Synthetic cannabimimetics	4324	2016-05-28T17:51:00Z	2009-04-05T03:58:00Z	18	34	16	7	https://en.wikipedia.org/wiki/CB-13
S-23 (drug)	Androgens	3008	2016-04-04T23:43:00Z	2009-04-05T10:03:00Z	7	29	19	4	https://en.wikipedia.org/wiki/S-23_%28drug)
LGD-3303	Androgens	3019	2016-05-03T14:20:00Z	2009-04-11T07:17:00Z	4	19	14	3	https://en.wikipedia.org/wiki/LGD-3303
Amfonelic acid	Stimulants	9429	2016-05-25T19:47:00Z	2009-04-29T10:59:00Z	54	103	50	13	https://en.wikipedia.org/wiki/Amfonelic_acid
2-Aminoindane	Stimulants	3032	2016-04-02T14:32:00Z	2009-05-01T11:44:00Z	9	66	22	2	https://en.wikipedia.org/wiki/2-Aminoindane
4-Benzylpiperidine	Stimulants	3076	2016-06-10T14:41:00Z	2009-05-01T10:37:00Z	19	34	19	9	https://en.wikipedia.org/wiki/4-Benzylpiperidine
Benocyclidine	Stimulants	5623	2016-05-26T03:38:00Z	2009-05-01T11:09:00Z	28	69	34	2	https://en.wikipedia.org/wiki/Benocyclidine
AM-694	Synthetic cannabimimetics	4565	2016-05-23T00:06:00Z	2009-05-15T23:35:00Z	9	72	30	5	https://en.wikipedia.org/wiki/AM-694
AM-1241	Synthetic cannabimimetics	7129	2016-05-19T17:27:00Z	2009-05-16T12:09:00Z	58	54	27	4	https://en.wikipedia.org/wiki/AM-1241
25I-NBMD	Psychedelics	4222	2016-06-21T14:21:00Z	2009-05-19T07:47:00Z	19	62	31	9	https://en.wikipedia.org/wiki/25I-NBMD
Methylenedioxyethylamphetamine	Empathogens	5846	2016-06-19T19:46:00Z	2009-07-10T10:49:00Z	19	120	41	4	https://en.wikipedia.org/wiki/Methylenedioxyethylamphetamine
Noopept	Nootropics	5283	2016-06-19T23:39:00Z	2009-07-16T06:56:00Z	17	175	89	20	https://en.wikipedia.org/wiki/Noopept
Ortetamine	Stimulants	1808	2016-02-27T09:32:00Z	2009-08-03T11:23:00Z	5	46	25	3	https://en.wikipedia.org/wiki/Ortetamine
4-Methylamphetamine	Empathogens	6851	2016-04-09T23:33:00Z	2009-09-09T00:36:00Z	28	100	38	11	https://en.wikipedia.org/wiki/4-Methylamphetamine
Para-Bromoamphetamine	Empathogens	2443	2016-05-17T16:01:00Z	2009-09-09T13:36:00Z	9	54	27	3	https://en.wikipedia.org/wiki/Para-Bromoamphetamine
Naphyrone	Stimulants	10861	2016-06-04T02:34:00Z	2009-09-11T15:39:00Z	43	211	76	6	https://en.wikipedia.org/wiki/Naphyrone
5-IT	Empathogens	9907	2016-06-28T22:03:00Z	2009-09-12T02:13:00Z	37	130	54	18	https://en.wikipedia.org/wiki/5-IT
2-Fluoroamphetamine	Empathogens	4380	2016-06-29T19:15:00Z	2009-09-14T19:38:00Z	13	76	46	5	https://en.wikipedia.org/wiki/2-Fluoroamphetamine
3-Fluoroamphetamine	Stimulants	3692	2016-04-02T14:34:00Z	2009-09-14T19:23:00Z	13	53	27	3	https://en.wikipedia.org/wiki/3-Fluoroamphetamine
3-Methylamphetamine	Stimulants	3157	2016-06-13T01:35:00Z	2009-09-14T18:57:00Z	13	41	20	4	https://en.wikipedia.org/wiki/3-Methylamphetamine
Buphedrone	Stimulants	4279	2016-04-02T15:28:00Z	2009-09-16T09:33:00Z	9	80	36	8	https://en.wikipedia.org/wiki/Buphedrone
Lodenafil	Peptides	3694	2016-05-24T22:24:00Z	2009-09-16T10:58:00Z	17	37	23	4	https://en.wikipedia.org/wiki/Lodenafil
25B-NBOMe	Psychedelics	9563	2016-05-18T22:53:00Z	2009-09-17T09:55:00Z	38	132	66	13	https://en.wikipedia.org/wiki/25B-NBOMe
2-Diphenylmethylpyrrolidine	Stimulants	5736	2016-06-29T19:15:00Z	2009-09-18T07:01:00Z	17	53	20	10	https://en.wikipedia.org/wiki/2-Diphenylmethylpyrrolidine
Sunifiram	Nootropics	2102	2016-05-07T08:17:00Z	2009-09-28T00:50:00Z	10	148	38	42	https://en.wikipedia.org/wiki/Sunifiram
Unifiram	Nootropics	8220	2016-04-02T22:36:00Z	2009-09-28T13:00:00Z	41	59	22	20	https://en.wikipedia.org/wiki/Unifiram
JWH-398	Synthetic cannabimimetics	2845	2016-05-23T11:56:00Z	2009-11-05T22:33:00Z	6	34	16	4	https://en.wikipedia.org/wiki/JWH-398
Flubromazolam	Sedatives	5830	2016-07-02T17:59:00Z	2009-12-23T09:55:00Z	36	73	30	30	https://en.wikipedia.org/wiki/Flubromazolam
Selank	Nootropics	8262	2016-05-24T22:19:00Z	2010-01-06T23:48:00Z	26	62	39	17	https://en.wikipedia.org/wiki/Selank
2-Methyl-2-pentanol	Sedatives	3546	2015-07-07T18:05:00Z	2010-01-22T17:55:00Z	6	24	15	0	https://en.wikipedia.org/wiki/2-Methyl-2-pentanol
Dimemebfe	Psychedelics	3235	2016-04-02T16:04:00Z	2010-02-02T05:15:00Z	10	24	13	2	https://en.wikipedia.org/wiki/Dimemebfe
3-Fluoromethcathinone	Stimulants	3810	2016-06-21T19:52:00Z	2010-02-08T05:29:00Z	16	70	43	7	https://en.wikipedia.org/wiki/3-Fluoromethcathinone
Pentylone	Empathogens	4175	2016-06-04T23:07:00Z	2010-02-12T13:01:00Z	15	57	24	16	https://en.wikipedia.org/wiki/Pentylone
2-Fluoromethamphetamine	Stimulants	3301	2016-04-02T14:32:00Z	2010-03-07T05:24:00Z	14	61	32	10	https://en.wikipedia.org/wiki/2-Fluoromethamphetamine
CRL-40,941	Stimulants	2111	2016-04-02T15:47:00Z	2010-03-12T03:47:00Z	18	62	36	7	https://en.wikipedia.org/wiki/CRL-40%2C941
4-Methylmethylphenidate	Stimulants	5515	2016-04-02T14:36:00Z	2010-03-19T23:59:00Z	23	39	14	6	https://en.wikipedia.org/wiki/4-Methylmethylphenidate
JWH-203	Synthetic cannabimimetics	4815	2016-06-01T02:43:00Z	2010-03-21T07:58:00Z	22	61	27	9	https://en.wikipedia.org/wiki/JWH-203
4′-Fluorococaine	Stimulants	2753	2016-04-02T14:37:00Z	2010-03-22T06:43:00Z	9	32	22	6	https://en.wikipedia.org/wiki/4%E2%80%B2-Fluorococaine
A-836,339	Synthetic cannabimimetics	3541	2016-04-02T14:41:00Z	2010-03-22T22:52:00Z	16	34	20	6	https://en.wikipedia.org/wiki/A-836%2C339
JWH-007	Synthetic cannabimimetics	7310	2016-06-10T22:17:00Z	2010-03-22T10:18:00Z	36	57	26	17	https://en.wikipedia.org/wiki/JWH-007
JWH-122	Synthetic cannabimimetics	3865	2016-05-23T11:58:00Z	2010-03-22T03:47:00Z	10	43	28	13	https://en.wikipedia.org/wiki/JWH-122
JWH-210	Synthetic cannabimimetics	4798	2016-06-01T02:43:00Z	2010-03-22T03:18:00Z	20	100	48	11	https://en.wikipedia.org/wiki/JWH-210
AH-7921	Sedatives	6977	2016-06-13T07:24:00Z	2010-03-29T07:22:00Z	29	97	54	18	https://en.wikipedia.org/wiki/AH-7921
Eutylone	Empathogens	1768	2016-06-27T06:42:00Z	2010-03-31T02:47:00Z	8	18	11	1	https://en.wikipedia.org/wiki/Eutylone
6-APDB	Empathogens	4544	2016-05-26T12:07:00Z	2010-04-09T12:02:00Z	10	83	35	6	https://en.wikipedia.org/wiki/6-APDB
Edaravone	Nootropics	7448	2016-05-26T20:35:00Z	2010-04-11T08:38:00Z	51	41	22	8	https://en.wikipedia.org/wiki/Edaravone
Aloracetam	Nootropics	2649	2016-04-02T14:48:00Z	2010-04-13T13:51:00Z	22	33	20	3	https://en.wikipedia.org/wiki/Aloracetam
3-MeO-PCP	Dissociatives	5931	2016-05-18T23:21:00Z	2010-04-16T04:08:00Z	23	82	38	24	https://en.wikipedia.org/wiki/3-MeO-PCP
4-MeO-PCP	Dissociatives	8189	2016-06-29T13:57:00Z	2010-04-16T04:56:00Z	23	68	30	12	https://en.wikipedia.org/wiki/4-MeO-PCP
11-Ketotestosterone	Androgens	2562	2016-05-12T00:48:00Z	2010-04-17T04:36:00Z	7	21	13	1	https://en.wikipedia.org/wiki/11-Ketotestosterone
DALT	Psychedelics	2198	2016-05-29T08:16:00Z	2010-04-20T04:25:00Z	18	33	19	2	https://en.wikipedia.org/wiki/DALT
Cebaracetam	Nootropics	2190	2016-04-02T15:37:00Z	2010-04-24T09:05:00Z	23	39	24	4	https://en.wikipedia.org/wiki/Cebaracetam
Doliracetam	Nootropics	1258	2016-04-21T15:49:00Z	2010-04-24T09:21:00Z	6	22	12	2	https://en.wikipedia.org/wiki/Doliracetam
Emoxypine	Nootropics	6894	2016-05-30T12:07:00Z	2010-04-26T21:05:00Z	14	65	37	10	https://en.wikipedia.org/wiki/Emoxypine
6-APB	Empathogens	16865	2016-07-09T01:54:00Z	2010-08-05T22:33:00Z	33	399	165	44	https://en.wikipedia.org/wiki/6-APB
JWH-019	Synthetic cannabimimetics	4722	2016-06-01T02:42:00Z	2010-08-17T23:55:00Z	19	45	27	10	https://en.wikipedia.org/wiki/JWH-019
JWH-098	Synthetic cannabimimetics	3479	2016-04-02T16:42:00Z	2010-09-09T07:26:00Z	7	20	10	2	https://en.wikipedia.org/wiki/JWH-098
Methoxetamine	Dissociatives	21205	2016-06-22T06:24:00Z	2010-09-18T20:54:00Z	68	490	207	46	https://en.wikipedia.org/wiki/Methoxetamine
Nitromethaqualone	Sedatives	2597	2015-09-02T07:49:00Z	2010-10-08T05:28:00Z	11	32	16	2	https://en.wikipedia.org/wiki/Nitromethaqualone
Ro5-4864	Sedatives	9019	2016-06-05T17:11:00Z	2010-10-11T02:46:00Z	79	32	18	4	https://en.wikipedia.org/wiki/Ro5-4864
Aildenafil	PDE5 inhibitors	4795	2016-05-22T00:11:00Z	2010-12-14T20:42:00Z	21	15	10	1	https://en.wikipedia.org/wiki/Aildenafil
Sulfoaildenafil	PDE5 inhibitors	8003	2016-06-20T13:51:00Z	2010-12-14T00:45:00Z	42	26	14	4	https://en.wikipedia.org/wiki/Sulfoaildenafil
RCS-4	Synthetic cannabimimetics	5136	2016-05-23T11:50:00Z	2010-12-21T01:57:00Z	11	69	26	8	https://en.wikipedia.org/wiki/RCS-4
RCS-8	Synthetic cannabimimetics	2995	2016-05-23T11:50:00Z	2010-12-21T01:59:00Z	5	44	14	3	https://en.wikipedia.org/wiki/RCS-8
JWH-167	Synthetic cannabimimetics	2829	2015-07-29T17:13:00Z	2010-12-23T12:58:00Z	13	34	17	1	https://en.wikipedia.org/wiki/JWH-167
JWH-249	Synthetic cannabimimetics	3358	2016-02-05T16:44:00Z	2010-12-23T04:42:00Z	13	26	14	2	https://en.wikipedia.org/wiki/JWH-249
25C-NBOMe	Psychedelics	12575	2016-05-18T22:53:00Z	2010-12-28T14:36:00Z	40	157	64	19	https://en.wikipedia.org/wiki/25C-NBOMe
25I-NBF	Psychedelics	4867	2016-06-21T14:13:00Z	2010-12-28T10:14:00Z	18	33	15	4	https://en.wikipedia.org/wiki/25I-NBF
AM-2201	Synthetic cannabimimetics	7793	2016-06-21T13:33:00Z	2010-12-29T05:18:00Z	31	155	82	16	https://en.wikipedia.org/wiki/AM-2201
Methiopropamine	Stimulants	11437	2016-06-09T07:51:00Z	2010-12-31T11:39:00Z	49	183	88	16	https://en.wikipedia.org/wiki/Methiopropamine
AM-1221	Synthetic cannabimimetics	3871	2016-04-02T14:49:00Z	2011-01-12T08:54:00Z	11	52	16	5	https://en.wikipedia.org/wiki/AM-1221
AM-630	Synthetic cannabimimetics	5809	2016-05-23T13:40:00Z	2011-01-12T10:09:00Z	41	60	21	7	https://en.wikipedia.org/wiki/AM-630
AM-679 (cannabinoid)	Synthetic cannabimimetics	3769	2016-02-17T15:57:00Z	2011-01-13T05:33:00Z	8	36	14	2	https://en.wikipedia.org/wiki/AM-679_%28cannabinoid)
Thiopropamine	Stimulants	5723	2016-06-16T04:50:00Z	2011-01-13T14:32:00Z	27	45	26	6	https://en.wikipedia.org/wiki/Thiopropamine
AM-2233	Synthetic cannabimimetics	6142	2016-06-28T15:49:00Z	2011-01-17T09:19:00Z	31	63	25	11	https://en.wikipedia.org/wiki/AM-2233
Org 28611	Synthetic cannabimimetics	3100	2016-06-04T18:59:00Z	2011-01-17T08:04:00Z	12	24	11	6	https://en.wikipedia.org/wiki/Org_28611
JWH-251	Synthetic cannabimimetics	2834	2015-07-29T17:13:00Z	2011-01-29T22:24:00Z	13	21	14	1	https://en.wikipedia.org/wiki/JWH-251
4-Methylethcathinone	Stimulants	6889	2016-05-18T23:29:00Z	2011-02-01T06:48:00Z	27	87	50	10	https://en.wikipedia.org/wiki/4-Methylethcathinone
N-Desalkylflurazepam	Sedatives	5361	2016-06-28T14:36:00Z	2011-02-08T17:28:00Z	25	36	22	17	https://en.wikipedia.org/wiki/N-Desalkylflurazepam
JWH-424	Synthetic cannabimimetics	2870	2016-04-02T16:43:00Z	2011-02-25T03:33:00Z	1	21	13	2	https://en.wikipedia.org/wiki/JWH-424
AM-1248	Synthetic cannabimimetics	4929	2016-04-02T14:49:00Z	2011-02-26T05:18:00Z	17	54	17	6	https://en.wikipedia.org/wiki/AM-1248
AM-1235	Synthetic cannabimimetics	4735	2016-04-02T14:49:00Z	2011-03-04T06:04:00Z	8	23	13	3	https://en.wikipedia.org/wiki/AM-1235
AM-2232	Synthetic cannabimimetics	2325	2016-04-02T14:49:00Z	2011-03-04T05:26:00Z	3	22	11	5	https://en.wikipedia.org/wiki/AM-2232
JWH-193	Synthetic cannabimimetics	3239	2016-04-02T16:42:00Z	2011-03-04T07:51:00Z	13	20	12	4	https://en.wikipedia.org/wiki/JWH-193
JWH-198	Synthetic cannabimimetics	3564	2016-04-02T16:42:00Z	2011-03-04T07:31:00Z	16	18	12	4	https://en.wikipedia.org/wiki/JWH-198
G-130	Stimulants	3925	2016-05-31T01:43:00Z	2011-03-06T04:50:00Z	17	32	16	8	https://en.wikipedia.org/wiki/G-130
5-APB	Empathogens	5997	2016-05-26T12:04:00Z	2011-03-10T12:02:00Z	16	90	44	8	https://en.wikipedia.org/wiki/5-APB
AD-1211	Sedatives	3841	2016-05-20T14:08:00Z	2011-03-25T07:32:00Z	16	36	18	6	https://en.wikipedia.org/wiki/AD-1211
MT-45	Sedatives	7346	2016-06-03T12:05:00Z	2011-03-25T06:34:00Z	39	71	27	8	https://en.wikipedia.org/wiki/MT-45
DiFMDA	Empathogens	5423	2016-05-29T19:13:00Z	2011-04-02T04:18:00Z	38	35	14	5	https://en.wikipedia.org/wiki/DiFMDA
Nortilidine	Sedatives	3530	2016-06-27T03:28:00Z	2011-05-10T15:59:00Z	12	46	19	6	https://en.wikipedia.org/wiki/Nortilidine
AM-1220	Synthetic cannabimimetics	5957	2016-02-27T07:06:00Z	2011-07-02T04:39:00Z	16	45	16	7	https://en.wikipedia.org/wiki/AM-1220
JTE 7-31	Synthetic cannabimimetics	3004	2015-11-30T02:26:00Z	2011-09-30T13:10:00Z	7	34	9	5	https://en.wikipedia.org/wiki/JTE_7-31
AB-001	Synthetic cannabimimetics	5676	2016-04-02T14:41:00Z	2011-10-10T06:21:00Z	25	57	20	13	https://en.wikipedia.org/wiki/AB-001
Benzedrone	Stimulants	1606	2016-04-02T15:20:00Z	2011-10-10T08:53:00Z	4	16	11	1	https://en.wikipedia.org/wiki/Benzedrone
Pentedrone	Stimulants	7412	2016-06-04T23:07:00Z	2011-10-15T20:20:00Z	46	63	38	19	https://en.wikipedia.org/wiki/Pentedrone
MDA-19	Synthetic cannabimimetics	3059	2016-04-02T17:52:00Z	2011-11-02T21:42:00Z	14	19	12	5	https://en.wikipedia.org/wiki/MDA-19
UR-144	Synthetic cannabimimetics	8418	2016-06-06T19:03:00Z	2011-11-04T06:25:00Z	39	152	67	10	https://en.wikipedia.org/wiki/UR-144
4-Acetoxy-MiPT	Psychedelics	3502	2015-11-26T10:08:00Z	2011-11-29T10:17:00Z	10	28	15	1	https://en.wikipedia.org/wiki/4-Acetoxy-MiPT
LY-2183240	Synthetic cannabimimetics	4170	2016-03-04T23:39:00Z	2011-11-30T21:57:00Z	10	26	16	8	https://en.wikipedia.org/wiki/LY-2183240
Nitrosoprodenafil	PDE5 inhibitors	4792	2016-05-24T22:24:00Z	2011-12-15T03:03:00Z	11	27	15	5	https://en.wikipedia.org/wiki/Nitrosoprodenafil
4-Acetoxy-MET	Psychedelics	2369	2016-06-29T13:57:00Z	2011-12-18T16:40:00Z	3	33	22	9	https://en.wikipedia.org/wiki/4-Acetoxy-MET
Camfetamine	Stimulants	2882	2016-04-02T15:32:00Z	2012-01-07T04:03:00Z	7	28	18	3	https://en.wikipedia.org/wiki/Camfetamine
Methoxyketamine	Dissociatives	2512	2015-07-07T20:41:00Z	2012-04-18T21:41:00Z	7	48	26	0	https://en.wikipedia.org/wiki/Methoxyketamine
4-Ethylmethcathinone	Stimulants	1403	2016-04-02T14:35:00Z	2012-06-17T16:55:00Z	4	18	11	7	https://en.wikipedia.org/wiki/4-Ethylmethcathinone
JWH-116	Synthetic cannabimimetics	2183	2016-06-01T03:32:00Z	2012-06-18T23:59:00Z	5	10	8	5	https://en.wikipedia.org/wiki/JWH-116
JWH-149	Synthetic cannabimimetics	1974	2016-04-02T16:42:00Z	2012-06-20T12:41:00Z	9	12	9	5	https://en.wikipedia.org/wiki/JWH-149
APINACA	Synthetic cannabimimetics	6458	2016-05-13T15:39:00Z	2012-07-11T08:57:00Z	18	78	31	23	https://en.wikipedia.org/wiki/APINACA
MAM-2201	Synthetic cannabimimetics	5369	2016-06-02T22:57:00Z	2012-07-11T07:45:00Z	24	41	17	12	https://en.wikipedia.org/wiki/MAM-2201
XLR-11 (drug)	Synthetic cannabimimetics	9035	2016-06-29T21:15:00Z	2012-07-11T09:34:00Z	32	89	36	21	https://en.wikipedia.org/wiki/XLR-11_%28drug)
Methyl-1-testosterone	Androgens	1601	2016-01-28T15:59:00Z	2012-07-17T14:55:00Z	5	8	6	3	https://en.wikipedia.org/wiki/Methyl-1-testosterone
Rapastinel	Nootropics	10513	2016-06-28T21:20:00Z	2012-10-05T03:02:00Z	38	126	40	42	https://en.wikipedia.org/wiki/Rapastinel
Semax	Nootropics	10594	2016-06-14T04:56:00Z	2012-10-06T15:37:00Z	50	93	38	21	https://en.wikipedia.org/wiki/Semax
N-Ethylnorketamine	Dissociatives	2620	2016-06-27T06:03:00Z	2012-10-22T07:51:00Z	8	27	12	14	https://en.wikipedia.org/wiki/N-Ethylnorketamine
EAM-2201	Synthetic cannabimimetics	5687	2016-05-29T22:00:00Z	2012-10-29T20:06:00Z	18	26	13	9	https://en.wikipedia.org/wiki/EAM-2201
3-Fluoromethamphetamine	Stimulants	4276	2016-05-17T03:09:00Z	2012-11-08T07:29:00Z	23	31	16	8	https://en.wikipedia.org/wiki/3-Fluoromethamphetamine
STS-135 (drug)	Synthetic cannabimimetics	4427	2016-06-10T20:30:00Z	2012-11-20T06:03:00Z	10	48	17	13	https://en.wikipedia.org/wiki/STS-135_%28drug)
N-Ethylbuphedrone	Stimulants	1886	2016-04-02T18:14:00Z	2012-11-25T04:17:00Z	7	25	13	4	https://en.wikipedia.org/wiki/N-Ethylbuphedrone
Dibutylone	Empathogens	1669	2016-03-03T04:15:00Z	2012-12-12T03:31:00Z	8	13	6	2	https://en.wikipedia.org/wiki/Dibutylone
Tesamorelin	Peptides	5735	2016-06-02T10:44:00Z	2013-01-03T17:48:00Z	11	18	9	3	https://en.wikipedia.org/wiki/Tesamorelin
AB-FUBINACA	Synthetic cannabimimetics	7290	2016-06-14T19:47:00Z	2013-02-02T07:21:00Z	37	62	18	31	https://en.wikipedia.org/wiki/AB-FUBINACA
AB-PINACA	Synthetic cannabimimetics	6819	2016-05-19T12:23:00Z	2013-02-02T08:57:00Z	28	52	20	24	https://en.wikipedia.org/wiki/AB-PINACA
5-MAPB	Empathogens	5750	2016-06-21T13:55:00Z	2013-02-07T21:05:00Z	26	86	45	16	https://en.wikipedia.org/wiki/5-MAPB
Butyrfentanyl	Sedatives	8862	2016-06-08T05:08:00Z	2013-02-15T16:25:00Z	30	93	31	22	https://en.wikipedia.org/wiki/Butyrfentanyl
U-47700	Sedatives	10343	2016-06-18T08:18:00Z	2013-03-15T13:57:00Z	51	158	38	39	https://en.wikipedia.org/wiki/U-47700
5F-PB-22	Synthetic cannabimimetics	3907	2016-05-18T23:47:00Z	2013-03-25T03:45:00Z	17	46	26	12	https://en.wikipedia.org/wiki/5F-PB-22
AB-005	Synthetic cannabimimetics	3328	2016-05-24T15:54:00Z	2013-03-25T04:07:00Z	10	21	12	6	https://en.wikipedia.org/wiki/AB-005
PB-22	Synthetic cannabimimetics	7129	2016-04-16T18:39:00Z	2013-03-25T01:31:00Z	21	68	34	11	https://en.wikipedia.org/wiki/PB-22
QUCHIC	Synthetic cannabimimetics	3324	2016-04-02T20:25:00Z	2013-03-25T01:38:00Z	7	40	17	8	https://en.wikipedia.org/wiki/QUCHIC
ADB-FUBINACA	Synthetic cannabimimetics	4845	2016-06-15T23:49:00Z	2013-04-03T03:43:00Z	19	51	20	15	https://en.wikipedia.org/wiki/ADB-FUBINACA
ADBICA	Synthetic cannabimimetics	4543	2016-06-03T08:29:00Z	2013-04-03T03:35:00Z	14	39	11	10	https://en.wikipedia.org/wiki/ADBICA
PRL-8-53	Nootropics	4973	2016-04-02T20:16:00Z	2013-04-25T20:13:00Z	15	50	30	9	https://en.wikipedia.org/wiki/PRL-8-53
5-EAPB	Empathogens	4025	2016-07-09T16:39:00Z	2013-05-23T14:15:00Z	9	49	30	7	https://en.wikipedia.org/wiki/5-EAPB
NESS-040C5	Synthetic cannabimimetics	1491	2016-02-05T04:28:00Z	2013-05-31T09:43:00Z	2	10	3	1	https://en.wikipedia.org/wiki/NESS-040C5
SDB-006	Synthetic cannabimimetics	3115	2016-02-05T16:36:00Z	2013-06-01T09:28:00Z	12	31	10	5	https://en.wikipedia.org/wiki/SDB-006
25D-NBOMe	Psychedelics	4515	2016-06-21T15:14:00Z	2013-07-10T03:15:00Z	16	36	17	9	https://en.wikipedia.org/wiki/25D-NBOMe
6-MAPB	Empathogens	2420	2016-05-26T12:05:00Z	2013-07-10T02:47:00Z	3	22	14	7	https://en.wikipedia.org/wiki/6-MAPB
5-MAPDB	Empathogens	4003	2016-05-26T12:08:00Z	2013-07-11T02:23:00Z	11	19	13	9	https://en.wikipedia.org/wiki/5-MAPDB
6-MAPDB	Empathogens	3163	2016-06-21T15:25:00Z	2013-07-11T02:48:00Z	10	15	12	7	https://en.wikipedia.org/wiki/6-MAPDB
4-AcO-DALT	Psychedelics	1610	2015-07-07T19:24:00Z	2013-07-20T05:21:00Z	4	17	12	0	https://en.wikipedia.org/wiki/4-AcO-DALT
Pyrazolam	Sedatives	4368	2016-07-02T17:53:00Z	2013-07-24T12:53:00Z	32	106	39	26	https://en.wikipedia.org/wiki/Pyrazolam
4-HTMPIPO	Synthetic cannabimimetics	1870	2016-04-02T14:36:00Z	2013-08-07T01:00:00Z	4	14	9	3	https://en.wikipedia.org/wiki/4-HTMPIPO
Acetylfentanyl	Sedatives	12864	2016-07-06T12:30:00Z	2013-09-04T04:51:00Z	63	105	42	44	https://en.wikipedia.org/wiki/Acetylfentanyl
25C-NBOH	Psychedelics	2177	2016-04-02T14:32:00Z	2013-09-12T15:59:00Z	8	31	13	3	https://en.wikipedia.org/wiki/25C-NBOH
NSI-189	Nootropics	6755	2016-06-11T23:23:00Z	2013-09-15T22:05:00Z	14	54	24	24	https://en.wikipedia.org/wiki/NSI-189
Diclazepam	Sedatives	4309	2016-07-11T06:43:00Z	2013-09-30T15:30:00Z	21	109	39	20	https://en.wikipedia.org/wiki/Diclazepam
Diphenidine	Dissociatives	10725	2016-06-20T03:35:00Z	2013-10-15T00:05:00Z	62	89	27	15	https://en.wikipedia.org/wiki/Diphenidine
Βk-2C-B	Psychedelics	4962	2016-06-07T12:39:00Z	2013-10-17T19:12:00Z	23	83	30	12	https://en.wikipedia.org/wiki/%CE%92k-2C-B
Flubromazepam	Sedatives	4156	2016-07-02T17:58:00Z	2013-10-22T02:48:00Z	23	65	32	12	https://en.wikipedia.org/wiki/Flubromazepam
Methoxphenidine	Dissociatives	8532	2016-06-19T23:10:00Z	2013-12-03T06:17:00Z	50	56	20	24	https://en.wikipedia.org/wiki/Methoxphenidine
25N-NBOMe	Psychedelics	4456	2016-05-18T22:53:00Z	2014-02-03T20:20:00Z	17	16	8	6	https://en.wikipedia.org/wiki/25N-NBOMe
5-Methylethylone	Empathogens	1994	2015-10-13T02:25:00Z	2014-02-19T09:59:00Z	5	14	8	2	https://en.wikipedia.org/wiki/5-Methylethylone
25E-NBOMe	Psychedelics	2439	2016-06-21T14:07:00Z	2014-02-21T17:56:00Z	12	11	9	5	https://en.wikipedia.org/wiki/25E-NBOMe
25P-NBOMe	Psychedelics	2400	2016-06-21T14:09:00Z	2014-02-22T20:56:00Z	12	9	8	4	https://en.wikipedia.org/wiki/25P-NBOMe
4,4'-Dimethylaminorex	Stimulants	6042	2016-03-09T10:09:00Z	2014-03-14T01:08:00Z	17	25	12	8	https://en.wikipedia.org/wiki/4%2C4%27-Dimethylaminorex
Nitracaine	Stimulants	2268	2016-06-04T13:54:00Z	2014-03-19T01:51:00Z	14	11	9	3	https://en.wikipedia.org/wiki/Nitracaine
Thiothinone	Stimulants	3086	2016-06-27T06:33:00Z	2014-04-07T14:06:00Z	19	24	9	13	https://en.wikipedia.org/wiki/Thiothinone
3-Methylmethcathinone	Stimulants	3224	2016-06-29T05:17:00Z	2014-04-17T02:54:00Z	8	27	17	19	https://en.wikipedia.org/wiki/3-Methylmethcathinone
AB-CHMINACA	Synthetic cannabimimetics	8303	2016-06-14T20:21:00Z	2014-07-05T10:49:00Z	42	75	26	26	https://en.wikipedia.org/wiki/AB-CHMINACA
ADB-PINACA	Synthetic cannabimimetics	5047	2016-05-20T14:21:00Z	2014-07-09T13:01:00Z	25	30	9	14	https://en.wikipedia.org/wiki/ADB-PINACA
NRX-1074	Nootropics	6628	2016-06-10T15:16:00Z	2014-07-11T07:34:00Z	21	36	15	13	https://en.wikipedia.org/wiki/NRX-1074
3-Hydroxyphenazepam	Sedatives	4906	2016-07-02T18:00:00Z	2014-11-20T21:00:00Z	22	19	9	15	https://en.wikipedia.org/wiki/3-Hydroxyphenazepam
LGD-4033	Androgens	3246	2016-05-08T14:59:00Z	2014-11-23T11:02:00Z	11	15	12	11	https://en.wikipedia.org/wiki/LGD-4033
5F-ADB	Synthetic cannabimimetics	3861	2016-06-08T22:26:00Z	2014-12-18T22:13:00Z	11	36	10	16	https://en.wikipedia.org/wiki/5F-ADB
Clonazolam	Sedatives	5537	2016-07-10T20:53:00Z	2015-01-19T10:40:00Z	33	65	24	32	https://en.wikipedia.org/wiki/Clonazolam
1P-LSD	Psychedelics	9853	2016-06-18T10:02:00Z	2015-01-20T15:28:00Z	45	104	29	61	https://en.wikipedia.org/wiki/1P-LSD
1,3-Dimethylbutylamine	Stimulants	3751	2016-04-16T15:03:00Z	2015-03-07T02:30:00Z	16	60	27	11	https://en.wikipedia.org/wiki/1%2C3-Dimethylbutylamine
THJ-2201	Synthetic cannabimimetics	6175	2016-06-06T02:15:00Z	2015-04-05T20:25:00Z	30	30	11	16	https://en.wikipedia.org/wiki/THJ-2201
Isopropylphenidate	Stimulants	2387	2016-06-01T02:17:00Z	2015-04-13T03:01:00Z	6	19	5	5	https://en.wikipedia.org/wiki/Isopropylphenidate
Homosildenafil	PDE5 inhibitors	5713	2016-05-25T12:14:00Z	2015-04-27T22:03:00Z	30	31	8	23	https://en.wikipedia.org/wiki/Homosildenafil
Furanylfentanyl	Sedatives	5532	2016-06-14T00:18:00Z	2015-05-15T18:07:00Z	26	48	17	26	https://en.wikipedia.org/wiki/Furanylfentanyl
Examorelin	Peptides	17708	2016-05-30T04:14:00Z	2015-06-12T22:43:00Z	84	17	14	7	https://en.wikipedia.org/wiki/Examorelin
6-EAPB	Empathogens	3502	2016-05-26T12:06:00Z	2015-06-14T22:35:00Z	6	24	8	5	https://en.wikipedia.org/wiki/6-EAPB
3-Fluorophenmetrazine	Stimulants	3431	2016-05-25T07:40:00Z	2015-06-15T06:43:00Z	12	35	14	20	https://en.wikipedia.org/wiki/3-Fluorophenmetrazine
AB-CHFUPYCA	Synthetic cannabimimetics	4372	2016-05-19T12:23:00Z	2015-06-15T21:46:00Z	9	25	10	13	https://en.wikipedia.org/wiki/AB-CHFUPYCA
Propylphenidate	Stimulants	2468	2016-03-22T04:44:00Z	2015-06-15T06:19:00Z	7	15	5	6	https://en.wikipedia.org/wiki/Propylphenidate
ADB-CHMINACA	Synthetic cannabimimetics	7737	2016-06-16T12:16:00Z	2015-06-16T04:50:00Z	33	46	11	26	https://en.wikipedia.org/wiki/ADB-CHMINACA
Ephenidine	Dissociatives	7183	2016-06-27T12:11:00Z	2015-06-16T21:58:00Z	41	42	10	26	https://en.wikipedia.org/wiki/Ephenidine
3-MeO-PCE	Dissociatives	4155	2016-05-18T23:20:00Z	2015-06-17T05:46:00Z	20	17	6	6	https://en.wikipedia.org/wiki/3-MeO-PCE
5-MeO-DiBF	Psychedelics	3116	2016-05-17T18:47:00Z	2015-06-19T21:30:00Z	11	12	8	7	https://en.wikipedia.org/wiki/5-MeO-DiBF
3-MeO-PCMo	Dissociatives	1704	2016-04-02T14:34:00Z	2015-06-20T20:50:00Z	7	10	6	7	https://en.wikipedia.org/wiki/3-MeO-PCMo
3-Methylbutyrfentanyl	Sedatives	4589	2016-04-02T14:34:00Z	2015-06-20T01:21:00Z	22	23	11	13	https://en.wikipedia.org/wiki/3-Methylbutyrfentanyl
Fluorolintane	Dissociatives	4023	2016-05-30T22:33:00Z	2015-06-20T12:05:00Z	14	17	6	7	https://en.wikipedia.org/wiki/Fluorolintane
5F-AMB	Synthetic cannabimimetics	8020	2016-06-15T23:41:00Z	2015-06-22T09:27:00Z	39	47	10	34	https://en.wikipedia.org/wiki/5F-AMB
FUBIMINA	Synthetic cannabimimetics	4906	2016-05-30T05:53:00Z	2015-06-22T19:06:00Z	20	20	8	8	https://en.wikipedia.org/wiki/FUBIMINA
3-HO-PCP	Dissociatives	6044	2016-05-18T23:01:00Z	2015-06-23T23:30:00Z	48	14	5	9	https://en.wikipedia.org/wiki/3-HO-PCP
MEPIRAPIM	Synthetic cannabimimetics	2723	2016-06-27T03:42:00Z	2015-06-23T12:50:00Z	8	11	3	5	https://en.wikipedia.org/wiki/MEPIRAPIM
5F-SDB-006	Synthetic cannabimimetics	3544	2016-06-28T23:10:00Z	2015-06-24T03:27:00Z	16	22	9	10	https://en.wikipedia.org/wiki/5F-SDB-006
PX-3	Synthetic cannabimimetics	3766	2016-06-15T21:49:00Z	2015-06-24T14:31:00Z	11	20	6	12	https://en.wikipedia.org/wiki/PX-3
HDEP-28	Stimulants	3271	2016-06-24T19:02:00Z	2015-06-25T23:57:00Z	7	6	3	3	https://en.wikipedia.org/wiki/HDEP-28
25B-NBOH	Psychedelics	4690	2016-05-18T22:53:00Z	2015-06-27T12:07:00Z	23	14	5	8	https://en.wikipedia.org/wiki/25B-NBOH
4-Methylcathinone	Stimulants	3687	2016-06-30T17:23:00Z	2015-06-27T03:38:00Z	27	15	7	9	https://en.wikipedia.org/wiki/4-Methylcathinone
4-Methylpentedrone	Stimulants	3227	2016-05-18T12:07:00Z	2015-06-27T23:03:00Z	12	12	8	10	https://en.wikipedia.org/wiki/4-Methylpentedrone
NM-2-AI	Empathogens	2839	2016-06-28T10:06:00Z	2015-06-27T14:48:00Z	17	8	5	6	https://en.wikipedia.org/wiki/NM-2-AI
SDB-005	Synthetic cannabimimetics	2879	2016-04-02T20:52:00Z	2015-06-27T01:51:00Z	9	15	6	6	https://en.wikipedia.org/wiki/SDB-005
MDMB-CHMICA	Synthetic cannabimimetics	11104	2016-07-10T03:02:00Z	2015-06-29T02:42:00Z	52	45	13	35	https://en.wikipedia.org/wiki/MDMB-CHMICA
5F-AB-PINACA	Synthetic cannabimimetics	5630	2016-06-21T13:07:00Z	2015-07-05T18:40:00Z	24	32	13	22	https://en.wikipedia.org/wiki/5F-AB-PINACA
5F-APINACA	Synthetic cannabimimetics	6663	2016-05-18T01:48:00Z	2015-07-06T01:34:00Z	31	24	12	18	https://en.wikipedia.org/wiki/5F-APINACA
ADSB-FUB-187	Synthetic cannabimimetics	2703	2016-04-02T14:45:00Z	2015-07-08T18:25:00Z	5	18	5	5	https://en.wikipedia.org/wiki/ADSB-FUB-187
CUMYL-PICA	Synthetic cannabimimetics	2668	2016-04-02T15:47:00Z	2015-07-08T19:10:00Z	7	20	5	4	https://en.wikipedia.org/wiki/CUMYL-PICA
FUB-JWH-018	Synthetic cannabimimetics	2494	2016-06-28T11:21:00Z	2015-07-08T18:56:00Z	7	19	5	13	https://en.wikipedia.org/wiki/FUB-JWH-018
NNE1	Synthetic cannabimimetics	3846	2016-04-02T18:37:00Z	2015-07-08T18:59:00Z	19	33	10	10	https://en.wikipedia.org/wiki/NNE1
Phenylpiracetam hydrazide	Nootropics	2727	2016-06-21T13:41:00Z	2015-07-08T21:54:00Z	6	38	12	27	https://en.wikipedia.org/wiki/Phenylpiracetam_hydrazide
PTI-1	Synthetic cannabimimetics	2568	2016-04-02T20:23:00Z	2015-07-08T19:22:00Z	5	12	4	2	https://en.wikipedia.org/wiki/PTI-1
PTI-2	Synthetic cannabimimetics	2595	2016-04-02T20:24:00Z	2015-07-08T19:18:00Z	5	10	4	2	https://en.wikipedia.org/wiki/PTI-2
NM-2201	Synthetic cannabimimetics	4077	2016-06-04T12:57:00Z	2015-07-09T21:32:00Z	18	20	9	14	https://en.wikipedia.org/wiki/NM-2201
THJ-018	Synthetic cannabimimetics	2834	2016-06-06T02:15:00Z	2015-07-09T15:34:00Z	10	13	5	7	https://en.wikipedia.org/wiki/THJ-018
5F-CUMYL-PINACA	Synthetic cannabimimetics	3254	2016-06-27T12:04:00Z	2015-07-11T04:09:00Z	8	16	8	11	https://en.wikipedia.org/wiki/5F-CUMYL-PINACA
CUMYL-PINACA	Synthetic cannabimimetics	2334	2016-06-03T07:52:00Z	2015-07-11T10:23:00Z	5	8	5	6	https://en.wikipedia.org/wiki/CUMYL-PINACA
CUMYL-THPINACA	Synthetic cannabimimetics	2918	2016-06-03T07:27:00Z	2015-07-11T10:06:00Z	7	9	3	7	https://en.wikipedia.org/wiki/CUMYL-THPINACA
MDMB-FUBINACA	Synthetic cannabimimetics	5303	2016-06-15T23:59:00Z	2015-07-13T18:13:00Z	17	26	7	26	https://en.wikipedia.org/wiki/MDMB-FUBINACA
MDMB-CHMINACA	Synthetic cannabimimetics	4307	2016-04-02T17:52:00Z	2015-07-14T19:53:00Z	13	8	4	8	https://en.wikipedia.org/wiki/MDMB-CHMINACA
4-Fluorobutyrfentanyl	Sedatives	4765	2016-06-21T08:01:00Z	2015-07-15T16:49:00Z	19	18	11	18	https://en.wikipedia.org/wiki/4-Fluorobutyrfentanyl
PX-1	Synthetic cannabimimetics	2671	2016-04-05T02:42:00Z	2015-07-15T23:46:00Z	4	17	5	17	https://en.wikipedia.org/wiki/PX-1
PX-2	Synthetic cannabimimetics	3430	2016-05-30T18:35:00Z	2015-07-15T23:55:00Z	8	16	3	16	https://en.wikipedia.org/wiki/PX-2
2C-iP	Psychedelics	2317	2016-04-02T14:33:00Z	2015-07-16T19:35:00Z	9	6	4	6	https://en.wikipedia.org/wiki/2C-iP
4-Methylbuphedrone	Stimulants	3589	2016-05-17T23:36:00Z	2015-07-16T14:25:00Z	19	15	7	15	https://en.wikipedia.org/wiki/4-Methylbuphedrone
APP-FUBINACA	Synthetic cannabimimetics	2680	2016-04-05T02:41:00Z	2015-07-16T12:33:00Z	6	9	3	9	https://en.wikipedia.org/wiki/APP-FUBINACA
MMB-2201	Synthetic cannabimimetics	3819	2016-06-03T07:34:00Z	2015-07-16T12:42:00Z	15	23	10	23	https://en.wikipedia.org/wiki/MMB-2201
5F-ADB-PINACA	Synthetic cannabimimetics	3214	2016-06-03T07:31:00Z	2015-07-17T19:45:00Z	11	10	6	10	https://en.wikipedia.org/wiki/5F-ADB-PINACA
5F-ADBICA	Synthetic cannabimimetics	3173	2016-05-18T01:46:00Z	2015-07-17T20:17:00Z	9	14	6	14	https://en.wikipedia.org/wiki/5F-ADBICA
AB-FUBICA	Synthetic cannabimimetics	2946	2016-05-19T12:23:00Z	2015-07-17T20:02:00Z	8	10	6	10	https://en.wikipedia.org/wiki/AB-FUBICA
AB-PICA	Synthetic cannabimimetics	2677	2016-04-02T14:42:00Z	2015-07-17T20:12:00Z	5	5	5	5	https://en.wikipedia.org/wiki/AB-PICA
ADB-FUBICA	Synthetic cannabimimetics	2966	2016-05-20T14:21:00Z	2015-07-17T20:07:00Z	8	7	6	7	https://en.wikipedia.org/wiki/ADB-FUBICA
Deschloroetizolam	Sedatives	3496	2016-07-11T06:19:00Z	2015-07-19T21:30:00Z	30	11	8	11	https://en.wikipedia.org/wiki/Deschloroetizolam
5-MeO-EiPT	Psychedelics	2499	2016-05-17T18:44:00Z	2015-07-20T23:20:00Z	6	9	6	9	https://en.wikipedia.org/wiki/5-MeO-EiPT
AMB-CHMINACA	Synthetic cannabimimetics	3166	2016-06-23T14:53:00Z	2015-07-21T15:40:00Z	10	9	3	9	https://en.wikipedia.org/wiki/AMB-CHMINACA
AMB-FUBINACA	Synthetic cannabimimetics	3694	2016-06-23T15:11:00Z	2015-07-21T13:13:00Z	11	11	3	11	https://en.wikipedia.org/wiki/AMB-FUBINACA
5F-PCN	Synthetic cannabimimetics	3064	2016-06-10T00:35:00Z	2015-07-22T18:07:00Z	8	9	6	9	https://en.wikipedia.org/wiki/5F-PCN
FAB-144	Synthetic cannabimimetics	2294	2016-06-27T02:51:00Z	2015-07-22T23:06:00Z	5	4	2	4	https://en.wikipedia.org/wiki/FAB-144
FUB-144	Synthetic cannabimimetics	2525	2016-06-27T02:49:00Z	2015-07-22T23:19:00Z	6	7	3	7	https://en.wikipedia.org/wiki/FUB-144
FUB-APINACA	Synthetic cannabimimetics	2894	2016-06-27T03:01:00Z	2015-07-22T23:34:00Z	7	9	5	9	https://en.wikipedia.org/wiki/FUB-APINACA
5F-AB-FUPPYCA	Synthetic cannabimimetics	3273	2016-05-18T01:41:00Z	2015-07-23T19:44:00Z	7	10	6	10	https://en.wikipedia.org/wiki/5F-AB-FUPPYCA
FDU-NNE1	Synthetic cannabimimetics	2728	2016-05-30T05:27:00Z	2015-07-23T16:34:00Z	4	3	2	3	https://en.wikipedia.org/wiki/FDU-NNE1
FDU-PB-22	Synthetic cannabimimetics	3058	2016-06-03T08:02:00Z	2015-07-23T16:06:00Z	10	16	8	16	https://en.wikipedia.org/wiki/FDU-PB-22
FUB-PB-22	Synthetic cannabimimetics	3373	2016-06-03T08:01:00Z	2015-07-23T16:14:00Z	11	10	6	10	https://en.wikipedia.org/wiki/FUB-PB-22
5F-NNE1	Synthetic cannabimimetics	3276	2016-06-27T03:46:00Z	2015-07-24T12:04:00Z	13	7	4	7	https://en.wikipedia.org/wiki/5F-NNE1
ADAMANTYL-THPINACA	Synthetic cannabimimetics	2849	2016-03-20T20:16:00Z	2015-07-24T14:18:00Z	3	6	4	6	https://en.wikipedia.org/wiki/ADAMANTYL-THPINACA
BIM-018	Synthetic cannabimimetics	2679	2016-06-07T18:57:00Z	2015-07-24T16:06:00Z	7	5	4	5	https://en.wikipedia.org/wiki/BIM-018
MDMB-FUBICA	Synthetic cannabimimetics	2948	2016-04-02T17:52:00Z	2015-07-24T02:27:00Z	3	4	2	4	https://en.wikipedia.org/wiki/MDMB-FUBICA
CRL-40,940	Stimulants	2800	2016-05-28T18:08:00Z	2015-07-25T17:10:00Z	13	12	9	12	https://en.wikipedia.org/wiki/CRL-40%2C940
Nifoxipam	Sedatives	4698	2016-07-08T20:41:00Z	2015-07-31T21:16:00Z	30	39	14	39	https://en.wikipedia.org/wiki/Nifoxipam
5F-EMB-PINACA	Synthetic cannabimimetics	3042	2016-04-02T14:39:00Z	2015-08-10T17:02:00Z	4	9	4	9	https://en.wikipedia.org/wiki/5F-EMB-PINACA
4-Chloromethcathinone	Stimulants	4046	2016-05-17T23:10:00Z	2015-09-05T08:45:00Z	16	23	10	23	https://en.wikipedia.org/wiki/4-Chloromethcathinone
Metizolam	Sedatives	2992	2016-06-09T01:13:00Z	2015-09-13T15:46:00Z	23	27	11	27	https://en.wikipedia.org/wiki/Metizolam
Methamnetamine	Empathogens	3088	2016-06-03T15:35:00Z	2015-09-16T20:46:00Z	12	16	8	16	https://en.wikipedia.org/wiki/Methamnetamine
4-Fluoromethylphenidate	Stimulants	5187	2016-06-30T03:13:00Z	2015-09-28T20:24:00Z	30	12	6	12	https://en.wikipedia.org/wiki/4-Fluoromethylphenidate
Deschloroketamine	Dissociatives	4261	2016-05-29T18:33:00Z	2015-10-02T03:11:00Z	20	18	8	18	https://en.wikipedia.org/wiki/Deschloroketamine
Dihexa	Nootropics	6601	2016-06-21T00:38:00Z	2015-10-11T19:25:00Z	44	12	7	12	https://en.wikipedia.org/wiki/Dihexa
Methoxypiperamide	Piperazines	2958	2016-06-03T15:37:00Z	2015-10-13T22:24:00Z	15	11	6	11	https://en.wikipedia.org/wiki/Methoxypiperamide
5-Methoxymethylone	Empathogens	3724	2015-11-30T12:18:00Z	2015-10-16T23:07:00Z	5	71	11	71	https://en.wikipedia.org/wiki/5-Methoxymethylone
Mexedrone	Stimulants	2566	2016-06-30T01:56:00Z	2015-10-16T20:18:00Z	7	8	4	8	https://en.wikipedia.org/wiki/Mexedrone
5-MeO-MALT	Psychedelics	2874	2015-10-19T08:52:00Z	2015-10-19T08:41:00Z	5	6	2	6	https://en.wikipedia.org/wiki/5-MeO-MALT
RAD140	Androgens	3851	2016-06-05T14:08:00Z	2015-10-19T09:59:00Z	23	6	4	6	https://en.wikipedia.org/wiki/RAD140
Desmethylflunitrazepam	Sedatives	4062	2016-06-28T14:31:00Z	2015-11-10T23:29:00Z	25	12	7	12	https://en.wikipedia.org/wiki/Desmethylflunitrazepam
J147	Nootropics	4399	2016-06-30T13:19:00Z	2015-11-14T07:25:00Z	25	17	12	17	https://en.wikipedia.org/wiki/J147
5-DBFPV	Stimulants	3341	2016-05-17T20:26:00Z	2015-11-25T01:41:00Z	8	7	4	7	https://en.wikipedia.org/wiki/5-DBFPV
Methoxmetamine	Dissociatives	1924	2016-06-03T15:36:00Z	2015-11-25T01:15:00Z	6	4	2	4	https://en.wikipedia.org/wiki/Methoxmetamine
U-77891	Sedatives	3991	2016-06-14T11:27:00Z	2015-12-23T14:48:00Z	13	82	9	82	https://en.wikipedia.org/wiki/U-77891
BzODZ-EPyr	Synthetic cannabimimetics	3302	2016-06-08T05:02:00Z	2015-12-29T01:16:00Z	15	7	3	7	https://en.wikipedia.org/wiki/BzODZ-EPyr
Nitrazolam	Sedatives	2519	2016-06-21T11:21:00Z	2016-01-13T14:20:00Z	12	6	4	6	https://en.wikipedia.org/wiki/Nitrazolam
QMPSB	Synthetic cannabimimetics	6651	2016-06-20T03:48:00Z	2016-01-20T01:50:00Z	37	17	4	17	https://en.wikipedia.org/wiki/QMPSB
Indapyrophenidone	Stimulants	2679	2016-05-31T23:39:00Z	2016-01-27T00:21:00Z	5	2	2	2	https://en.wikipedia.org/wiki/Indapyrophenidone
2-Fluorodeschloroketamine	Dissociatives	2164	2016-05-16T17:30:00Z	2016-02-05T22:52:00Z	6	9	6	9	https://en.wikipedia.org/wiki/2-Fluorodeschloroketamine
4-Methoxybutyrfentanyl	Sedatives	4123	2016-06-14T00:29:00Z	2016-02-06T19:22:00Z	18	7	5	7	https://en.wikipedia.org/wiki/4-Methoxybutyrfentanyl
NE-CHMIMO	Synthetic cannabimimetics	2964	2016-06-20T03:45:00Z	2016-06-16T01:00:00Z	12	8	2	8	https://en.wikipedia.org/wiki/NE-CHMIMO